{
    "Players In Range Display": {
        "x": 0.0,
        "y": 0.0
    },
    "Necron Phase Timer": {
        "x": 0.8192818,
        "y": 0.14088598,
        "scale": 1.24
    },
    "Soulflow Display": {
        "x": 0.65,
        "y": 0.85
    },
    "Endstone Protector Spawn Timer": {
        "x": 0.625,
        "y": 0.083333336
    },
    "Container Sell Value": {
        "x": 0.258,
        "y": 0.283
    },
    "Blood Room Portal Timer": {
        "x": 0.05,
        "y": 0.4
    },
    "Livid HP": {
        "x": 0.72486335,
        "y": 0.27799568,
        "scale": 1.24
    },
    "Arrow Swapper Display": {
        "x": 0.65,
        "y": 0.85
    },
    "Dolphin Pet Display": {
        "x": 0.20833333,
        "y": 0.083333336
    },
    "Stacking Enchant Display": {
        "x": 0.65,
        "y": 0.85
    },
    "Placed Summoning Eye Display": {
        "x": 0.20833333,
        "y": 0.25
    },
    "Rain Timer": {
        "x": 0.041666668,
        "y": 0.041666668
    },
    "Legion Player Display": {
        "x": 0.20833333,
        "y": 0.20833333
    },
    "Dungeon Timer": {
        "x": 0.8333333,
        "y": 0.33333334
    },
    "Griffin Timer": {
        "x": 0.41666666,
        "y": 0.041666668
    },
    "Seraph Display": {
        "x": 0.083333336,
        "y": 0.083333336
    },
    "Trophy Fish Display": {
        "x": 0.0,
        "y": 0.0
    },
    "Hidden Jerry Timer": {
        "x": 0.041666668,
        "y": 0.041666668
    },
    "Wither Shield Display": {
        "x": 0.65,
        "y": 0.85
    },
    "Dungeon Map": {
        "x": 0.32513657,
        "y": 0.22803193,
        "scale": 1.6
    },
    "Spirit Bear Spawn Timer": {
        "x": 0.371975,
        "y": 0.7654321,
        "scale": 2.7999992
    },
    "Show Arachne HP": {
        "x": 0.8333333,
        "y": 0.125
    },
    "Dungeon Crypts Counter": {
        "x": 0.8333333,
        "y": 0.8333333,
        "scale": 2.0
    },
    "Sadan Phase Timer": {
        "x": 0.6280249,
        "y": 0.33151782,
        "scale": 1.48
    },
    "Guardian Respawn Timer": {
        "x": 0.8333333,
        "y": 0.125
    },
    "Dungeon Secret Display": {
        "x": 0.05,
        "y": 0.4
    },
    "Kuudra Chest Profit": {
        "x": 0.0,
        "y": 0.0
    },
    "Dungeon Chest Profit": {
        "x": 0.32630748,
        "y": 0.024328228,
        "scale": 2.5599995
    },
    "Dungeon Score Estimate": {
        "x": 0.8333333,
        "y": 0.41666666
    },
    "Slayer Armor Display": {
        "x": 0.625,
        "y": 0.083333336
    },
    "Totem Display": {
        "x": 0.0,
        "y": 0.0
    },
    "Mayor Jerry Tracker": {
        "x": 0.625,
        "y": 0.5
    },
    "Show Giant HP": {
        "x": 0.8333333,
        "y": 0.125
    },
    "Quiver Display": {
        "x": 0.05,
        "y": 0.4
    },
    "Mayor Jerry Perk Display": {
        "x": 0.041666668,
        "y": 0.041666668
    },
    "Slayer Display": {
        "x": 0.625,
        "y": 0.083333336
    },
    "Jamcat": {
        "x": 0.0,
        "y": 0.0
    },
    "Visitor Offer Helper": {
        "x": 0.258,
        "y": 0.283
    },
    "Selected Arrow Display": {
        "x": 0.65,
        "y": 0.85
    },
    "Spam Gui": {
        "x": 0.65,
        "y": 0.925
    },
    "Crystal Hollows Map": {
        "x": 0.051912572,
        "y": 0.07480028,
        "scale": 2.08
    },
    "Mythological Tracker": {
        "x": 0.6249024,
        "y": 0.4996369
    },
    "World Age Display": {
        "x": 0.20833333,
        "y": 0.25
    },
    "Item Cooldown Display": {
        "x": 0.041666668,
        "y": 0.041666668
    },
    "Ping Display": {
        "x": 0.041666668,
        "y": 0.041666668
    }
}